Title,Price,Stars,Review Count,URL
Logitech M100 Wired Mouse - Black (910-001601),$5.99,4.57,108,https://www.target.com/p/logitech-m100-wired-mouse-black-910-001601/-/A-52135859
Logitech M317 Wireless Mouse - Black (910-005764),$20.99,4.66,58,https://www.target.com/p/logitech-m317-wireless-mouse-black-910-005764/-/A-14062461
Logitech Mouse - Blue (M185),$16.99,4.6,42,https://www.target.com/p/logitech-mouse-blue-m185/-/A-76506290
Logitech Mouse - Silver (M317),$20.99,4.88,33,https://www.target.com/p/logitech-mouse-silver-m317/-/A-76506291
Logitech Mouse - Forest Floral (M317),$20.99,4.54,50,https://www.target.com/p/logitech-mouse-forest-floral-m317/-/A-76506297
Logitech Mouse - Himalayan Fern (M317),$20.99,4.54,50,https://www.target.com/p/logitech-mouse-himalayan-fern-m317/-/A-76506292
Logitech Mouse - Red (M185),$16.99,4.68,22,https://www.target.com/p/logitech-mouse-red-m185/-/A-76506289
Logitech Mouse - Black (M185),$16.99,4.35,20,https://www.target.com/p/logitech-mouse-black-m185/-/A-76506295
Logitech Mouse - Red (M187),$12.99,4.0,13,https://www.target.com/p/logitech-mouse-red-m187/-/A-76506300
Logitech G402 Hyperion Fury FPS Gaming Mouse,$30.99,4.07,14,https://www.target.com/p/logitech-g402-hyperion-fury-fps-gaming-mouse/-/A-53859021
Logitech Mouse - Blue Blush (M317),$20.99,4.68,60,https://www.target.com/p/logitech-mouse-blue-blush-m317/-/A-79778583
Logitech Mouse - Teal Maze (M317),$20.99,4.59,27,https://www.target.com/p/logitech-mouse-teal-maze-m317/-/A-79778584
Logitech G203 Gaming Mouse - Black (910-004842),$39.49,4.23,30,https://www.target.com/p/logitech-g203-gaming-mouse-black-910-004842/-/A-52135873
Corsair M55 Gaming Mouse,$39.99,5.0,1,https://www.target.com/p/corsair-m55-gaming-mouse/-/A-76580927
Logitech G502 Hero Gaming Mouse,$48.99,4.69,16,https://www.target.com/p/logitech-g502-hero-gaming-mouse/-/A-76580928
Logitech M570 Wireless Trackball Mouse - Gray (910-003283),$29.99,4.69,119,https://www.target.com/p/logitech-m570-wireless-trackball-mouse-gray-910-003283/-/A-14450355
Corsair M65 RGB Elite Gaming Mouse,$59.99,3.75,4,https://www.target.com/p/corsair-m65-rgb-elite-gaming-mouse/-/A-76580914
Apple Magic Mouse 2,$79.99,,,https://www.target.com/p/apple-magic-mouse-2/-/A-13323857
Logitech MK360 Wireless Keyboard and Mouse Set - Black (920-003376),$29.99,4.39,153,https://www.target.com/p/logitech-mk360-wireless-keyboard-and-mouse-set-black-920-003376/-/A-15148724
Razer Basilisk X Hyperspeed Gaming Mouse,$59.99,4.86,7,https://www.target.com/p/razer-basilisk-x-hyperspeed-gaming-mouse/-/A-79899587
Corsair Harpoon RGB Pro Gaming Mouse,$29.99,3.5,2,https://www.target.com/p/corsair-harpoon-rgb-pro-gaming-mouse/-/A-76580916
Logitech G300s Gaming Mouse,$20.99,3.67,6,https://www.target.com/p/logitech-g300s-gaming-mouse/-/A-48327314
Microsoft Mouse White - Wired USB - Optical - 800 dpi - 3 Button(s) - Use in Left or Right Hand,$15.99,4.67,3,https://www.target.com/p/microsoft-mouse-white-wired-usb-optical-800-dpi-3-button-s-use-in-left-or-right-hand/-/A-79126941
"Insten USB Cordless Wireless Optical Mouse, Red",$10.49,,,https://www.target.com/p/insten-usb-cordless-wireless-optical-mouse-red/-/A-78787513
Corsair MM300 Extended Mouse Pad,$19.29,3.33,3,https://www.target.com/p/corsair-mm300-extended-mouse-pad/-/A-76580925
"INSTEN USB Optical Scroll Wheel USB 2.0 Mouse, Red / Black",$7.99,3.33,3,https://www.target.com/p/insten-usb-optical-scroll-wheel-usb-2-0-mouse-red-black/-/A-78648110
Lenovo Legion M200 RGB Gaming Mouse-WW - Optical - Cable - Black - USB - 2400 dpi - Scroll Wheel - 5 Button(s) - Symmetrical,$20.99,4.75,129,https://www.target.com/p/lenovo-legion-m200-rgb-gaming-mouse-ww-optical-cable-black-usb-2400-dpi-scroll-wheel-5-button-s-symmetrical/-/A-78428185
"Insten Black 2.4GHz Cordless Wireless Optical Computer Mouse with 800 1200 1600 DPI for laptop, chromebook, computer, desktop",$10.99,5.0,1,https://www.target.com/p/insten-black-2-4ghz-cordless-wireless-optical-computer-mouse-with-800-1200-1600-dpi-for-laptop-chromebook-computer-desktop/-/A-78648252
Microsoft Bluetooth Mouse Pastel Blue - Wireless - Bluetooth - 2.40 GHz - 1000 dpi - Scroll Wheel - 4 Button(s),$22.99,5.0,1,https://www.target.com/p/microsoft-bluetooth-mouse-pastel-blue-wireless-bluetooth-2-40-ghz-1000-dpi-scroll-wheel-4-button-s/-/A-79126971
Adesso Multi-Color 7-Button Programmable Gaming Mouse - Multicolor - 7 Button(s),$23.99,0.0,0,https://www.target.com/p/adesso-multi-color-7-button-programmable-gaming-mouse-multicolor-7-button-s/-/A-78415843
"Insten 2.4G Wireless Nano USB Mouse Portable Ergonomic Mouse Compatible Computer Laptop Tablet Mac, Orange / Black",$10.99,0.0,0,https://www.target.com/p/insten-2-4g-wireless-nano-usb-mouse-portable-ergonomic-mouse-compatible-computer-laptop-tablet-mac-orange-black/-/A-80130053
"Insten Round Mouse Pad Galaxy Space Planet Moon Design Super Smooth Mousepad - Purple Nebula Space (8.4"" x 8.4"")",$6.99,4.89,9,https://www.target.com/p/insten-round-mouse-pad-galaxy-space-planet-moon-design-super-smooth-mousepad-purple-nebula-space-8-4-x-8-4/-/A-78260345
MSI Interceptor Gaming Mouse Black & Red - 1600 dpi movement resolution - USB Wired Connectivity - 1 x wheel Scrolling Capability,$19.99,5.0,3,https://www.target.com/p/msi-interceptor-gaming-mouse-black-red-1600-dpi-movement-resolution-usb-wired-connectivity-1-x-wheel-scrolling-capability/-/A-78421998
Microsoft Bluetooth Mouse Peach - Wireless - Bluetooth - 2.40 GHz - 1000 dpi - Scroll Wheel - 4 Button(s),$19.99,0.0,0,https://www.target.com/p/microsoft-bluetooth-mouse-peach-wireless-bluetooth-2-40-ghz-1000-dpi-scroll-wheel-4-button-s/-/A-79126986
"Insten 2.4GHz USB Portable Wireless Cordless 4 Keys Optical Game Gaming DPI Mouse for Computer Laptop Desktop PC Mac, Red",$11.99,1.0,2,https://www.target.com/p/insten-2-4ghz-usb-portable-wireless-cordless-4-keys-optical-game-gaming-dpi-mouse-for-computer-laptop-desktop-pc-mac-red/-/A-78648297
"Monoprice Midsize Wired Optical Mouse 2400 dpi - Black With LED Backlight | Ideal for Office Desks, Workstations, Tables - Workstream Collection",$9.99,4.5,2,https://www.target.com/p/monoprice-midsize-wired-optical-mouse-2400-dpi-black-with-led-backlight-ideal-for-office-desks-workstations-tables-workstream-collection/-/A-77687252
Razer DeathAdder Elite PC Gaming Mouse,$67.99,4.65,40,https://www.target.com/p/razer-deathadder-elite-pc-gaming-mouse/-/A-52274225
"INSTEN Ultra Thin Reflective Anti-Slip Marble Mouse Pad, White/ Rose Gold Marble",$7.89,2.2,15,https://www.target.com/p/insten-ultra-thin-reflective-anti-slip-marble-mouse-pad-white-rose-gold-marble/-/A-78648291
"Manhattan USB Optical Mouse with Scroll Wheel, 1000dpi, White",$9.99,5.0,1,https://www.target.com/p/manhattan-usb-optical-mouse-with-scroll-wheel-1000dpi-white/-/A-78401009
Insten Blue 2.4G Cordless 4 Keys Wireless Optical Mouse with 800 1200 1600 DPI For Computer Laptop Desktop PC,$11.99,1.67,3,https://www.target.com/p/insten-blue-2-4g-cordless-4-keys-wireless-optical-mouse-with-800-1200-1600-dpi-for-computer-laptop-desktop-pc/-/A-78787470
Handstands Memory Foam Mouse Mat Mouse Pad with Wrist Rest,$4.99,4.49,73,https://www.target.com/p/handstands-memory-foam-mouse-mat-mouse-pad-with-wrist-rest/-/A-13722555
"Monoprice Select Wireless Ergonomic Mouse - Black - Ideal For Work, Home, Office, Computers - Workstream Collection",$12.99,5.0,1,https://www.target.com/p/monoprice-select-wireless-ergonomic-mouse-black-ideal-for-work-home-office-computers-workstream-collection/-/A-77688694
Logitech MX Master 3 Wireless Mouse,$99.99,4.81,32,https://www.target.com/p/logitech-mx-master-3-wireless-mouse/-/A-79804196
Logitech Wireless Mouse M325 - Light Silver,$33.99,1.0,1,https://www.target.com/p/logitech-wireless-mouse-m325-light-silver/-/A-78401367
Logitech M317 Mouse - Optical - Wireless - Black - USB - Scroll Wheel - 2 Button(s) - Symmetrical,$32.99,0.0,0,https://www.target.com/p/logitech-m317-mouse-optical-wireless-black-usb-scroll-wheel-2-button-s-symmetrical/-/A-78408223
Logitech Wireless Mouse M325 - Optical - Wireless - Radio Frequency - 2.40 GHz - Vivid Violet - USB - Tilt Wheel,$42.99,5.0,1,https://www.target.com/p/logitech-wireless-mouse-m325-optical-wireless-radio-frequency-2-40-ghz-vivid-violet-usb-tilt-wheel/-/A-78402099
Logitech Precision Plus Mouse,$25.49,4.33,3,https://www.target.com/p/logitech-precision-plus-mouse/-/A-79810590
Logitech G203 LIGHTSYNC Wired Gaming Mouse - White,$47.99,5.0,2,https://www.target.com/p/logitech-g203-lightsync-wired-gaming-mouse-white/-/A-80562099
Logitech M500S Advanced Corded Mouse - Full-size Mouse - Optical - Cable - Black - USB - 4000 dpi - Tilt Wheel - 7 Button(s),$42.99,0.0,0,https://www.target.com/p/logitech-m500s-advanced-corded-mouse-full-size-mouse-optical-cable-black-usb-4000-dpi-tilt-wheel-7-button-s/-/A-80812940
Logitech Wireless Mouse M525,$44.99,0.0,0,https://www.target.com/p/logitech-wireless-mouse-m525/-/A-78401674
Logitech M317 Mouse - Optical - Wireless - Black - USB - Scroll Wheel - 2 Button(s) - Symmetrical,$32.99,0.0,0,https://www.target.com/p/logitech-m317-mouse-optical-wireless-black-usb-scroll-wheel-2-button-s-symmetrical/-/A-78408223
Logitech M325 Mouse - Optical - Wireless - Radio Frequency - 2.40 GHz - Dark Silver - USB - Tilt Wheel - 2 Button(s) - Symmetrical,$33.99,0.0,0,https://www.target.com/p/logitech-m325-mouse-optical-wireless-radio-frequency-2-40-ghz-dark-silver-usb-tilt-wheel-2-button-s-symmetrical/-/A-78409945
Logitech Pro Gaming Mouse - Optical - Cable - Black - USB - 16000 dpi - Scroll Wheel - 6 Button(s),$92.99,0.0,0,https://www.target.com/p/logitech-pro-gaming-mouse-optical-cable-black-usb-16000-dpi-scroll-wheel-6-button-s/-/A-78415552
Logitech MX Master 3 Wireless Mouse,$99.99,4.81,32,https://www.target.com/p/logitech-mx-master-3-wireless-mouse/-/A-79804196
Logitech MX Ergo Trackball Mouse,$104.99,0.0,0,https://www.target.com/p/logitech-mx-ergo-trackball-mouse/-/A-79804193
Logitech Mouse - Silver (M310),$20.99,4.0,1,https://www.target.com/p/logitech-mouse-silver-m310/-/A-79804210
Logitech Mouse - Cosmic Play (M317),$19.99,0.0,0,https://www.target.com/p/logitech-mouse-cosmic-play-m317/-/A-81209708
Logitech Wireless Mouse M325 - Red,$33.99,5.0,1,https://www.target.com/p/logitech-wireless-mouse-m325-red/-/A-78401372
Logitech Wireless Mouse M325 - Light Silver,$33.99,1.0,1,https://www.target.com/p/logitech-wireless-mouse-m325-light-silver/-/A-78401367
Logitech M185 Wireless Mouse - Wireless Connectivity - 2.40 GHz Operating Frequency - 1000 dpi Movement Resolution - Scroll Wheel,$23.99,0.0,0,https://www.target.com/p/logitech-m185-wireless-mouse-wireless-connectivity-2-40-ghz-operating-frequency-1000-dpi-movement-resolution-scroll-wheel/-/A-78401163
Logitech Vertical Advanced Ergo Mouse,$99.99,0.0,0,https://www.target.com/p/logitech-vertical-advanced-ergo-mouse/-/A-79804266
Logitech Precision Plus Mouse,$25.49,4.33,3,https://www.target.com/p/logitech-precision-plus-mouse/-/A-79810590
Logitech G502 LIGHTSPEED Wireless Gaming Mouse - Optical - Wireless - Radio Frequency - USB 2.0 - 16000 dpi,$194.99,0.0,0,https://www.target.com/p/logitech-g502-lightspeed-wireless-gaming-mouse-optical-wireless-radio-frequency-usb-2-0-16000-dpi/-/A-78418539
"Logitech Hard Gaming Mouse Pad - Textured - 11"" x 13.4"" x 0.1"" Dimension - Black - Polyethylene Surface, Rubber Base, Polystyrene Core",$38.99,0.0,0,https://www.target.com/p/logitech-hard-gaming-mouse-pad-textured-11-x-13-4-x-0-1-dimension-black-polyethylene-surface-rubber-base-polystyrene-core/-/A-78410614
"Logitech Large Cloth Gaming Mouse Pad - Textured - 15.8"" x 18.1"" x 0.1"" Dimension - Black - Cloth, Rubber Base",$48.99,0.0,0,https://www.target.com/p/logitech-large-cloth-gaming-mouse-pad-textured-15-8-x-18-1-x-0-1-dimension-black-cloth-rubber-base/-/A-78410989
"Verbatim Corded Notebook Optical Mouse - Black - Optical - Cable - Glossy Black - USB 2.0 - Notebook, Computer - Scroll Wheel - Symmetrical""",$10.99,0.0,0,https://www.target.com/p/verbatim-corded-notebook-optical-mouse-black-optical-cable-glossy-black-usb-2-0-notebook-computer-scroll-wheel-symmetrical/-/A-78405426
Microsoft Surface Precision Mouse Gray - Wireless - Bluetooth or USB - Scroll Wheel - Ergonomic Design - Pairs w/ up to 3 computers,See low price in cart,0.0,0,https://www.target.com/p/microsoft-surface-precision-mouse-gray-wireless-bluetooth-or-usb-scroll-wheel-ergonomic-design-pairs-w-up-to-3-computers/-/A-78299888
"Insten Gaming Mouse Pad Extended Large Mouse Pad for Laptop Computer Desktop Mouse Keyboard Marble Design Long Mat Size: 31.5"" x 12"" Black",$13.99,0.0,0,https://www.target.com/p/insten-gaming-mouse-pad-extended-large-mouse-pad-for-laptop-computer-desktop-mouse-keyboard-marble-design-long-mat-size-31-5-x-12-black/-/A-78873912
Razer Naga Trinity PC Gaming Mouse - Black,$99.99,5.0,1,https://www.target.com/p/razer-naga-trinity-pc-gaming-mouse-black/-/A-54004821
Microsoft Arc Touch Mouse - BlueTrack - Wireless - Radio Frequency - 2.40 GHz - USB 2.0 - 1000 dpi - Touch Scroll - Symmetrical,$49.99,4.25,12,https://www.target.com/p/microsoft-arc-touch-mouse-bluetrack-wireless-radio-frequency-2-40-ghz-usb-2-0-1000-dpi-touch-scroll-symmetrical/-/A-79126929
Razer Viper Mini Gaming Mouse for PC,$39.99,0.0,0,https://www.target.com/p/razer-viper-mini-gaming-mouse-for-pc/-/A-80110516
Microsoft Surface Mouse Gray  -  Wireless - Bluetooth - Scroll Wheel - Symmetrical design - Premium precision pointing,See low price in cart,0.0,0,https://www.target.com/p/microsoft-surface-mouse-gray-wireless-bluetooth-scroll-wheel-symmetrical-design-premium-precision-pointing/-/A-78273183
Microsoft Modern Mouse - Wireless - Bluetooth 4.0 - BlueTrack Enabled - Ambidextrous Design - 12 Month Battery Life - Silver,$44.99,0.0,0,https://www.target.com/p/microsoft-modern-mouse-wireless-bluetooth-4-0-bluetrack-enabled-ambidextrous-design-12-month-battery-life-silver/-/A-79126982
Microsoft Arc Wireless Mouse Black - Wireless - Bluetooth Low Energy - BlueTrack Enabled - Tilt Wheel - Up to 6 Months Battery Life,See low price in cart,0.0,0,https://www.target.com/p/microsoft-arc-wireless-mouse-black-wireless-bluetooth-low-energy-bluetrack-enabled-tilt-wheel-up-to-6-months-battery-life/-/A-78324929
Razer Viper Mini Gaming Mouse for PC,$39.99,0.0,0,https://www.target.com/p/razer-viper-mini-gaming-mouse-for-pc/-/A-80110516
Microsoft Sculpt Ergonomic Mouse Black - Wireless - Radio Frequency - 2.40 GHz - 1000 dpi - 7 Button(s),$44.99,0.0,0,https://www.target.com/p/microsoft-sculpt-ergonomic-mouse-black-wireless-radio-frequency-2-40-ghz-1000-dpi-7-button-s/-/A-79126932
Microsoft 3600 Bluetooth Mobile Mouse Blue - BlueTrack enabled - Wireless Bluetooth Connectivity - Blue - 4 Total Buttons - 1000 dpi resolution,$27.49,0.0,0,https://www.target.com/p/microsoft-3600-bluetooth-mobile-mouse-blue-bluetrack-enabled-wireless-bluetooth-connectivity-blue-4-total-buttons-1000-dpi-resolution/-/A-79126917
"USB-C&trade; Mini Optical Travel Mouse - Black - USB-C&trade;, Black",$17.99,0.0,0,https://www.target.com/p/usb-c-trade-mini-optical-travel-mouse-black-usb-c-trade-black/-/A-78408667
Microsoft 3500 Wireless Mobile Mouse- White - Limited Edition - Wireless - BlueTrack Enabled - Scroll Wheel - Ambidextrous Design,$24.95,0.0,0,https://www.target.com/p/microsoft-3500-wireless-mobile-mouse-white-limited-edition-wireless-bluetrack-enabled-scroll-wheel-ambidextrous-design/-/A-79126910
Verbatim Deluxe - mouse,$19.99,5.0,1,https://www.target.com/p/verbatim-deluxe-mouse/-/A-78406734
Microsoft Bluetooth Mouse Matte Black - Wireless - Bluetooth - 2.40 GHz - 1000 dpi - Scroll Wheel - 4 Button(s),$22.99,0.0,0,https://www.target.com/p/microsoft-bluetooth-mouse-matte-black-wireless-bluetooth-2-40-ghz-1000-dpi-scroll-wheel-4-button-s/-/A-79126993
"Verbatim Wireless Silent Mouse 2.4GHz with Nano Receiver - Ergonomic, Blue LED, Noiseless and Silent Click for Mac and Windows - Silver",$18.99,0.0,0,https://www.target.com/p/verbatim-wireless-silent-mouse-2-4ghz-with-nano-receiver-ergonomic-blue-led-noiseless-and-silent-click-for-mac-and-windows-silver/-/A-78411858
Microsoft Basic Optical Mouse - Optical Technology - Scroll Wheel - Ambidextrous Design - Customizable Buttons - Ergonomic Design - White,$14.99,0.0,0,https://www.target.com/p/microsoft-basic-optical-mouse-optical-technology-scroll-wheel-ambidextrous-design-customizable-buttons-ergonomic-design-white/-/A-79126940
"INSTEN USB Optical Blue LED Wired Game Mouse, Black",$9.99,4.0,1,https://www.target.com/p/insten-usb-optical-blue-led-wired-game-mouse-black/-/A-78873947
Microsoft Arc Touch Mouse - BlueTrack - Wireless - Radio Frequency - 2.40 GHz - USB 2.0 - 1000 dpi - Touch Scroll - Symmetrical,$49.99,4.25,12,https://www.target.com/p/microsoft-arc-touch-mouse-bluetrack-wireless-radio-frequency-2-40-ghz-usb-2-0-1000-dpi-touch-scroll-symmetrical/-/A-79126929
Microsoft Arc Mouse Lilac - Wireless - Bluetooth Low Energy - BlueTrack Enabled - Tilt Wheel - Up to 6 Months Battery Life,See low price in cart,0.0,0,https://www.target.com/p/microsoft-arc-mouse-lilac-wireless-bluetooth-low-energy-bluetrack-enabled-tilt-wheel-up-to-6-months-battery-life/-/A-79126970
"Monoprice Wired USB Ergonomic Mouse, Comfort Grip, DPI Adjustment, Optical Sensor, Semi-Vertical Shape, Alleviate Discomfort and Wrist Pain",$11.99,0.0,0,https://www.target.com/p/monoprice-wired-usb-ergonomic-mouse-comfort-grip-dpi-adjustment-optical-sensor-semi-vertical-shape-alleviate-discomfort-and-wrist-pain/-/A-79385690
Microsoft Wireless Mobile Mouse 4000 - BlueTrack Enabled - Nano Transceiver - 4-way Scrolling and 4 Customizable Buttons,$24.49,4.0,6,https://www.target.com/p/microsoft-wireless-mobile-mouse-4000-bluetrack-enabled-nano-transceiver-4-way-scrolling-and-4-customizable-buttons/-/A-79126923
Microsoft Surface Arc Touch Mouse Platinum - Wireless - Bluetooth Connectivity - Ultra-slim & lightweight - Innovative full scroll plane,$79.99,0.0,0,https://www.target.com/p/microsoft-surface-arc-touch-mouse-platinum-wireless-bluetooth-connectivity-ultra-slim-lightweight-innovative-full-scroll-plane/-/A-78299885
Microsoft 1850 Wireless Mouse Flame Red - Radio Frequency - USB 2.0 Interface - 1000 dpi Movement Resolution - Scroll Wheel - 3 Button(s) Total,$15.49,0.0,0,https://www.target.com/p/microsoft-1850-wireless-mouse-flame-red-radio-frequency-usb-2-0-interface-1000-dpi-movement-resolution-scroll-wheel-3-button-s-total/-/A-79126950
"Monoprice Wireless Semi-Compact USB Ergonomic Mouse, Comfort Grip, DPI Adjustment, Optical Sensor, Simple Setup - Workstream Collection",$15.99,0.0,0,https://www.target.com/p/monoprice-wireless-semi-compact-usb-ergonomic-mouse-comfort-grip-dpi-adjustment-optical-sensor-simple-setup-workstream-collection/-/A-80109386
Microsoft Surface Mobile Mouse Burgundy - Wireless - Bluetooth - Seamless scrolling - Light & portable - BlueTrack enabled,$34.99,0.0,0,https://www.target.com/p/microsoft-surface-mobile-mouse-burgundy-wireless-bluetooth-seamless-scrolling-light-portable-bluetrack-enabled/-/A-78273185
Microsoft Comfort Mouse 4500 Lochness Gray - Wired USB - 1000 dpi - 5 Button(s) - Contoured Shape - Rubber Side Grips,$24.95,0.0,0,https://www.target.com/p/microsoft-comfort-mouse-4500-lochness-gray-wired-usb-1000-dpi-5-button-s-contoured-shape-rubber-side-grips/-/A-79126912
Microsoft Arc Mouse Soft Pink- Wireless - Wireless - Bluetooth Low Energy - BlueTrack Enabled - Tilt Wheel - Up to 6 Months Battery Life - Pink,See low price in cart,0.0,0,https://www.target.com/p/microsoft-arc-mouse-soft-pink-wireless-wireless-bluetooth-low-energy-bluetrack-enabled-tilt-wheel-up-to-6-months-battery-life-pink/-/A-79126980
"INSTEN BT 5.1 2.4G Dual Mode Wireless Rechargeable Mouse, Slim Silent Click, 1600DPI Portable Mouse for Laptop Windows 10 Android MacBook, White",$19.99,0.0,0,https://www.target.com/p/insten-bt-5-1-2-4g-dual-mode-wireless-rechargeable-mouse-slim-silent-click-1600dpi-portable-mouse-for-laptop-windows-10-android-macbook-white/-/A-80378797
Microsoft Arc Mouse Sage - Wireless Connectivity - Bluetooth Low Energy - BlueTrack Enabled - Tilt Wheel - Up to 6 Months Battery Life,See low price in cart,0.0,0,https://www.target.com/p/microsoft-arc-mouse-sage-wireless-connectivity-bluetooth-low-energy-bluetrack-enabled-tilt-wheel-up-to-6-months-battery-life/-/A-79126985
